,0,1,2
C1=[NH+]C=[NH+]CC1,4.0,2.0,0.0
C1=CCCCCC=CCC1,10.0,0.0,0.0
C1CCN[NH2+]CC1,5.0,2.0,0.0
C1CNCCCNC1,6.0,2.0,0.0
C1CCSNC1,4.0,2.0,0.0
C1=NOC=N1,2.0,3.0,0.0
C1COCCO1,4.0,2.0,0.0
C1=CCOC1,4.0,1.0,0.0
C1COCCOCCSCCOCCOCCO1,12.0,6.0,0.0
C1CSCCSCCS1,6.0,3.0,0.0
C1CNCNC1,4.0,2.0,0.0
C1=CS[NH+]=C1,3.0,2.0,0.0
C1CC2CCC1O2,6.0,1.0,0.0
C=[N-],1.0,1.0,0.0
C1SCSCS1,3.0,3.0,0.0
C1CSN1,2.0,2.0,0.0
C1=C[NH+]=CC=N1,4.0,2.0,0.0
C1=NNC[NH2+]C1,3.0,3.0,0.0
C1=CCOCCC1,6.0,1.0,0.0
C1=CN=C[NH2+]C1,4.0,2.0,0.0
C1=NCCNC1,4.0,2.0,0.0
C1=CNCC=N1,4.0,2.0,0.0
C1COCCSC1,5.0,2.0,0.0
C1=NON=C1,2.0,3.0,0.0
C1CC2CN(C1)CN2,6.0,2.0,0.0
C1CSSCCSS1,4.0,4.0,0.0
C1CC2CNCC1N2,6.0,2.0,0.0
C1=CNCCN=C1,5.0,2.0,0.0
C1=NCSC1,3.0,2.0,0.0
C1CNCCNC1,5.0,2.0,0.0
C1CC2CCC(CN1)N2,7.0,2.0,0.0
P,0.0,1.0,0.0
C1CN=NC1,3.0,2.0,0.0
C1C[NH2+]SN1,2.0,3.0,0.0
C1NCC2C[NH2+]CC1C2,7.0,2.0,0.0
C1CCOCC1,5.0,1.0,0.0
C1=COCNC1,4.0,2.0,0.0
C1=[NH+]CCCS1,4.0,2.0,0.0
C1=CCCSCC1,6.0,1.0,0.0
C1CNSC1,3.0,2.0,0.0
C1=NN=CN=N1,2.0,4.0,0.0
C1=NNCO1,2.0,3.0,0.0
C1C[NH2+]CCN1,4.0,2.0,0.0
C1=NCCP1,3.0,2.0,0.0
C1C[NH+]2CCN1CC2,6.0,2.0,0.0
C1CNCSCCN1,5.0,3.0,0.0
C1=CN=[NH+]C1,3.0,2.0,0.0
C1=CC2CC1CS2,6.0,1.0,0.0
C1=NOCC1,3.0,2.0,0.0
C1=CNN=CN1,3.0,3.0,0.0
C1=C[NH+]=CNC1,4.0,2.0,0.0
C1=CNCNC1,4.0,2.0,0.0
SS,0.0,2.0,0.0
C1=CNC=CNC1,5.0,2.0,0.0
C1=NCCCN1,4.0,2.0,0.0
C1NN=NS1,1.0,4.0,0.0
C1=CC2C=CC(C1)C2,8.0,0.0,0.0
C1=COCCOC1,5.0,2.0,0.0
C1=CSCCOCN1,5.0,3.0,0.0
C1=C[NH+]=CSC1,4.0,2.0,0.0
C1CC[SH+]C1,4.0,1.0,0.0
C1=CSCNC1,4.0,2.0,0.0
C1=CNNC1,3.0,2.0,0.0
C1=CNC=NC1,4.0,2.0,0.0
C1=CN=C[NH+]=C1,4.0,2.0,0.0
C1CSNCN1,3.0,3.0,0.0
C1=C[NH]N=N1,2.0,3.0,0.0
C1CNSCCN1,4.0,3.0,0.0
C1=CPNC=N1,3.0,3.0,0.0
C1=CN=NN=C1,3.0,3.0,0.0
C1CC2CC(C1)C2,7.0,0.0,0.0
C1=NCCC=NN1,4.0,3.0,0.0
C1CCCCCOCCCCC1,11.0,1.0,0.0
C1=CC2CCC1C[NH2+]2,7.0,1.0,0.0
C1=CCCCCCCC=CCC1,12.0,0.0,0.0
C1=NCCC[N-]1,4.0,2.0,0.0
C1=C[NH2+]CCN1,4.0,2.0,0.0
C1=NNPC1,2.0,3.0,0.0
C1=CC2CC1NN2,5.0,2.0,0.0
N#[NH+],0.0,2.0,0.0
C1CS1,2.0,1.0,0.0
C1=CC=[O+]C=C1,5.0,1.0,0.0
C1=CCC2C=C(CCCC1)CO2,11.0,1.0,0.0
C1=NC[NH2+]CN1,3.0,3.0,0.0
CBr,1.0,0.0,1.0
C1=CNCC[NH2+]C1,5.0,2.0,0.0
C1=CC2CCCC1C2,8.0,0.0,0.0
C1=CNPN=C1,3.0,3.0,0.0
C1=CON=[NH+]1,2.0,3.0,0.0
C[SH2+],1.0,1.0,0.0
C1=CSCNN1,3.0,3.0,0.0
C1=NCN=N1,2.0,3.0,0.0
C1=C[NH2+]CCCN1,5.0,2.0,0.0
C1=C[NH2+]CCC1,5.0,1.0,0.0
C1=CC2C=CCC(C=C1)NC2,10.0,1.0,0.0
C1=CC[NH2+]CCC1,6.0,1.0,0.0
C1CCNCNCC1,6.0,2.0,0.0
C1CC2CNCC(C1)NC2,8.0,2.0,0.0
C1C[N-]NC1,3.0,2.0,0.0
C1CSCCN1,4.0,2.0,0.0
C1CCC1,4.0,0.0,0.0
C1=NNSC1,2.0,3.0,0.0
C1=NC=NCC1,4.0,2.0,0.0
C1=NSN=C1,2.0,3.0,0.0
C1=COC=C1,4.0,1.0,0.0
C1NCC2COCC1C2,7.0,2.0,0.0
C1=CC2C=CC1CC2,8.0,0.0,0.0
C1=NN=NC1,2.0,3.0,0.0
C1=CCCSCCC1,7.0,1.0,0.0
C1=CNNCC1,4.0,2.0,0.0
C1C[NH2+]C[NH2+]1,3.0,2.0,0.0
C1=CC2CCCC1CC2,9.0,0.0,0.0
C1=CSCC1,4.0,1.0,0.0
N1NNN1,0.0,4.0,0.0
C1=CN=NC=N1,3.0,3.0,0.0
C=[NH2+],1.0,1.0,0.0
C1COPOC1,3.0,3.0,0.0
C1N=[NH+]CN1,2.0,3.0,0.0
C1=CCSC1,4.0,1.0,0.0
C1COCCOCCOCCN1,8.0,4.0,0.0
C1=CN=[SH]CC1,4.0,2.0,0.0
C1COCC[NH2+]1,4.0,2.0,0.0
C1=CCC=CC1,6.0,0.0,0.0
C1CC2C[NH2+]CC1O2,6.0,2.0,0.0
C1CNNCNN1,3.0,4.0,0.0
C1=CN=CN=C1,4.0,2.0,0.0
C1=CC[NH2+]CC1,5.0,1.0,0.0
C1=CNCN=C1,4.0,2.0,0.0
C1=NC[NH+]=C1,3.0,2.0,0.0
C[NH3+],1.0,1.0,0.0
C1=CCCC=CC1,7.0,0.0,0.0
C1=NSN=CC1,3.0,3.0,0.0
C1=NNCNN1,2.0,4.0,0.0
C1=NSCCN1,3.0,3.0,0.0
C1=NNCCS1,3.0,3.0,0.0
C1=COC=NC1,4.0,2.0,0.0
C1CC[NH2+]CC1,5.0,1.0,0.0
C1=[NH+]CSC1,3.0,2.0,0.0
C1=NN=CNC1,3.0,3.0,0.0
C1CSCN1,3.0,2.0,0.0
C1CCCC1,5.0,0.0,0.0
C1=COCCN=C1,5.0,2.0,0.0
C1=NCSN1,2.0,3.0,0.0
C1CC2C[NH2+]CC(C1)C2,8.0,1.0,0.0
C1=NCNC1,3.0,2.0,0.0
C1=NC[NH2+]C1,3.0,2.0,0.0
C1=NC=[NH+]CN1,3.0,3.0,0.0
C1COCON1,3.0,3.0,0.0
C1=[NH+]CNN1,2.0,3.0,0.0
C1COCCOCCOCCOCCOCCO1,12.0,6.0,0.0
C1=CNSCC1,4.0,2.0,0.0
C1NNC[NH2+]1,2.0,3.0,0.0
C1CSC1,3.0,1.0,0.0
C1=COCCN1,4.0,2.0,0.0
C1NCSCN1,3.0,3.0,0.0
C1=CCC[NH2+]CC1,6.0,1.0,0.0
C1=CCNCC1,5.0,1.0,0.0
C1N=NN=N1,1.0,4.0,0.0
C1=CC=C2CCCCC(=C1)C2,11.0,0.0,0.0
C1CNCCOC1,5.0,2.0,0.0
C1=NCCCSC1,5.0,2.0,0.0
N=N,0.0,2.0,0.0
N=O,0.0,2.0,0.0
C1=CN=NC1,3.0,2.0,0.0
C1=N[NH]N=C1,2.0,3.0,0.0
C1=CSC1,3.0,1.0,0.0
N=S,0.0,2.0,0.0
N=P,0.0,2.0,0.0
C1CSCCSCCCSCCSC1,10.0,4.0,0.0
C1=NN=C[NH]1,2.0,3.0,0.0
C1=N[NH+]=CSC1,3.0,3.0,0.0
C1=CC2CCC1NN2,6.0,2.0,0.0
C1CCC2CCC(CC1)C2,10.0,0.0,0.0
C1=NCNPN1,2.0,4.0,0.0
C1COCN1,3.0,2.0,0.0
C1=NCCSCC1,5.0,2.0,0.0
C1CN[NH2+]C1,3.0,2.0,0.0
C1=C[NH2+]CN=C1,4.0,2.0,0.0
C1=C[NH+]=CCN1,4.0,2.0,0.0
C1=CNNN1,2.0,3.0,0.0
N=[NH2+],0.0,2.0,0.0
C1=CCCNCC1,6.0,1.0,0.0
C1=NCCO1,3.0,2.0,0.0
C1CC2CCCC(C1)S2,8.0,1.0,0.0
C1CC2COCC1N2,6.0,2.0,0.0
C1=[NH+]CCCN1,4.0,2.0,0.0
C1=CONC1,3.0,2.0,0.0
C1=NNNN1,1.0,4.0,0.0
C1=CSN=N1,2.0,3.0,0.0
C1=[NH+]CCSC[CH-]1,5.0,2.0,0.0
C1=NN=N[N-]1,1.0,4.0,0.0
C1=CNCN=N1,3.0,3.0,0.0
C1CC2C[NH2+]CC1C2,7.0,1.0,0.0
C1=C[N-]C=NC1,4.0,2.0,0.0
C1N2CN3CN1C[NH+](C2)C3,6.0,4.0,0.0
C1N[NH2+]1,1.0,2.0,0.0
C1=COCOC1,4.0,2.0,0.0
C1CN2CCC(CC2)[NH2+]1,7.0,2.0,0.0
C1=C[N-]C=C1,4.0,1.0,0.0
[NH4+],0.0,1.0,0.0
C1=CNCOC1,4.0,2.0,0.0
C1CCCCNCCC1,8.0,1.0,0.0
C1=C[NH+]=CC=[NH+]1,4.0,2.0,0.0
C1NC2CC(N1)C1OCC2O1,7.0,4.0,0.0
C1=NCCCS1,4.0,2.0,0.0
C1=CC2CC[NH2+]C(C1)C2,8.0,1.0,0.0
C1=CC2CCCC(C1)C2,9.0,0.0,0.0
C1CNNCN1,3.0,3.0,0.0
C1CC2CNCC(C1)C2,8.0,1.0,0.0
C1C2C3CC4C5CC(C1C35)C24,11.0,0.0,0.0
C1=NCOCS1,3.0,3.0,0.0
C1=NNCNC1,3.0,3.0,0.0
C1=CCC2CCC(C1)N2,8.0,1.0,0.0
C1=CC=CC=C1,6.0,0.0,0.0
C1CCONC1,4.0,2.0,0.0
C1=C[NH][NH+]=C1,3.0,2.0,0.0
C1CN1,2.0,1.0,0.0
C1C[NH2+]CN1,3.0,2.0,0.0
C1CC2NCCC(N1)O2,6.0,3.0,0.0
C1=NN=CC1,3.0,2.0,0.0
C1=CCCC1,5.0,0.0,0.0
C1=CSC[N-]1,3.0,2.0,0.0
C1=NCCC[NH2+]1,4.0,2.0,0.0
C1CC2COC(C1)O2,6.0,2.0,0.0
C1CC2CCC1CC2,8.0,0.0,0.0
C1C2CN3CCN(C2)CC1C3,9.0,2.0,0.0
NBr,0.0,1.0,1.0
C1=NCN=CN1,3.0,3.0,0.0
C1=CSCCO1,4.0,2.0,0.0
C1=CC=NC=C1,5.0,1.0,0.0
C1=NCCN=N1,3.0,3.0,0.0
C1=CNNCN1,3.0,3.0,0.0
C1=NSC=N1,2.0,3.0,0.0
C1=CNCCCN1,5.0,2.0,0.0
C1CC2CCC1[NH2+]2,6.0,1.0,0.0
C1=N[N-]C=N1,2.0,3.0,0.0
C1=NC2CC(CCO2)N1,6.0,3.0,0.0
C1=CNCCSC1,5.0,2.0,0.0
C1CSSCCNN1,4.0,4.0,0.0
C1=NCC[NH+]=C1,4.0,2.0,0.0
C1N=NCN1,2.0,3.0,0.0
N[PH3+],0.0,2.0,0.0
C1=CCCCCCC1,8.0,0.0,0.0
C1CC2CC1C2,6.0,0.0,0.0
C1NNCS1,2.0,3.0,0.0
C1CSCCSC1,5.0,2.0,0.0
C1=COCCCNC1,6.0,2.0,0.0
C1CNCCC[NH2+]C1,6.0,2.0,0.0
C1=CCNC1,4.0,1.0,0.0
C1=NCCCCN1,5.0,2.0,0.0
C1=CN=CNC1,4.0,2.0,0.0
C1=NO[NH+]=C1,2.0,3.0,0.0
C1=CCCCC=C1,7.0,0.0,0.0
C1=NCCCCC1,6.0,1.0,0.0
C1=CCN=C1,4.0,1.0,0.0
C1N=N1,1.0,2.0,0.0
C1CCNCNC1,5.0,2.0,0.0
C1CNS[NH2+]C1,3.0,3.0,0.0
C1=CC2COCC(C1)C2,8.0,1.0,0.0
C1=CC2CC(C=CO2)O1,7.0,2.0,0.0
C1CN=[NH+]C1,3.0,2.0,0.0
C1=CC[NH2+]C=C1,5.0,1.0,0.0
C1=CSNCN1,3.0,3.0,0.0
C1=C[NH]C=C1,4.0,1.0,0.0
C1N=NN[NH2+]1,1.0,4.0,0.0
C1=NCCC1,4.0,1.0,0.0
C1=CC=[NH+]C=C1,5.0,1.0,0.0
C1=NCCCO1,4.0,2.0,0.0
C[NH-],1.0,1.0,0.0
[O-]P,0.0,2.0,0.0
[O-]S,0.0,2.0,0.0
C1=NNCSCC1,4.0,3.0,0.0
C1=COC[NH2+]C1,4.0,2.0,0.0
C1CCC[NH2+]CCC1,7.0,1.0,0.0
C1=CCCCC1,6.0,0.0,0.0
C1CSCSC1,4.0,2.0,0.0
C1=NC=NC1,3.0,2.0,0.0
C1=CNC=[NH+]C1,4.0,2.0,0.0
C1=[NH+]CN=N1,2.0,3.0,0.0
C1C[NH2+]C1,3.0,1.0,0.0
C1=NNCN=N1,2.0,4.0,0.0
C1=CC2CCOC(C2)N1,7.0,2.0,0.0
C1COCCOC1,5.0,2.0,0.0
C1=NCSCC1,4.0,2.0,0.0
C1=CCNCNC1,5.0,2.0,0.0
C1=CCCCCC1,7.0,0.0,0.0
C1CC[N-]C1,4.0,1.0,0.0
C1=CN=NNC1,3.0,3.0,0.0
C1=CN=P[NH+]=C1,3.0,3.0,0.0
C1=COCN1,3.0,2.0,0.0
C1=NN=CSC1,3.0,3.0,0.0
C1CNPOC1,3.0,3.0,0.0
NCl,0.0,1.0,1.0
C1=C[NH+]=CCC1,5.0,1.0,0.0
C1=CSCCN1,4.0,2.0,0.0
C1=[NH+]CCS1,3.0,2.0,0.0
C1C[NH+]=NCN1,3.0,3.0,0.0
C1CCOC1,4.0,1.0,0.0
C1=CSC=N1,3.0,2.0,0.0
C1NC2CC3CC1CC(C3)C2,10.0,1.0,0.0
C1COC1,3.0,1.0,0.0
C1=CSN=C1,3.0,2.0,0.0
C1=NN=CO1,2.0,3.0,0.0
C1CCNCCOCC[NH2+]CCOCCNCC1,13.0,5.0,0.0
C1CC2C[NH2+]C(C1)C2,7.0,1.0,0.0
C1=C2C[NH2+]C3CC4NCCC(OC1)C4C2C3,13.0,3.0,0.0
C1=CC2CC(C1)C2,7.0,0.0,0.0
C1OC2CC3CC1C2C3,8.0,1.0,0.0
C1=COCCCC1,6.0,1.0,0.0
C1COCOC1,4.0,2.0,0.0
C1CC2CCC1CO2,7.0,1.0,0.0
C1=[NH+]CNCN1,3.0,3.0,0.0
C1CSCCO1,4.0,2.0,0.0
C1CC2CCCC(C1)N2,8.0,1.0,0.0
C1OC2CNC1C2,5.0,2.0,0.0
C1CNN=N1,2.0,3.0,0.0
C1CCOCOC1,5.0,2.0,0.0
C1=NCCN=CCC1,6.0,2.0,0.0
C1=CNCC1,4.0,1.0,0.0
C1=CNC=CC1,5.0,1.0,0.0
N[NH3+],0.0,2.0,0.0
C1=NN=COC1,3.0,3.0,0.0
C1=CSCO1,3.0,2.0,0.0
C1=N[N-]N=C1,2.0,3.0,0.0
C1=C[NH+]=C[NH]1,3.0,2.0,0.0
C1CC2NCC1S2,5.0,2.0,0.0
C1CC[NH2+]NC1,4.0,2.0,0.0
C1COSCCS[N-]1,4.0,4.0,0.0
C1NNN=[NH+]1,1.0,4.0,0.0
C1COCCOCCOCCO1,8.0,4.0,0.0
C1CNSNC1,3.0,3.0,0.0
C1=[NH+]CON1,2.0,3.0,0.0
C1CC2CC1CN2,6.0,1.0,0.0
C1CCCOCC1,6.0,1.0,0.0
C1=CC2CC(CCO2)O1,7.0,2.0,0.0
[NH-][NH3+],0.0,2.0,0.0
C1=CC2CCC(C1)N2,7.0,1.0,0.0
C1=[NH+]CCNCC1,5.0,2.0,0.0
C1=CNCCCC1,6.0,1.0,0.0
C1CSSC1,3.0,2.0,0.0
C1=CNCNN=C1,4.0,3.0,0.0
C1C[NH+]2CC[NH+]1CC2,6.0,2.0,0.0
C1CC2COC(C1)OO2,6.0,3.0,0.0
C1=C[NH]N=C1,3.0,2.0,0.0
C1CC2CCC1C2,7.0,0.0,0.0
C1=[NH+]NCCN1,3.0,3.0,0.0
C1=CC=[NH+]N=C1,4.0,2.0,0.0
C1N=[NH+]CS1,2.0,3.0,0.0
C1=CCC1,4.0,0.0,0.0
C1=C[N-]C=N1,3.0,2.0,0.0
C1=CSNCC1,4.0,2.0,0.0
C1=CCOC=C1,5.0,1.0,0.0
C1=NCNC=[NH+]1,3.0,3.0,0.0
C1=NCSS1,2.0,3.0,0.0
C1NC2CNC1C2,5.0,2.0,0.0
C1NOCNO1,2.0,4.0,0.0
C1CC[NH2+]C1,4.0,1.0,0.0
C1=CNCCC1,5.0,1.0,0.0
C1=NOCN1,2.0,3.0,0.0
C1=NNCC1,3.0,2.0,0.0
C1CC2C[NH2+]CC1CN2,7.0,2.0,0.0
C1=[NH+]CCN1,3.0,2.0,0.0
C1=CCNN=C1,4.0,2.0,0.0
C1=COC=CN1,4.0,2.0,0.0
C1=CNSC1,3.0,2.0,0.0
C1NN=NN1,1.0,4.0,0.0
C1=NCCSC1,4.0,2.0,0.0
C1CNNC1,3.0,2.0,0.0
C1=NCC[NH2+]1,3.0,2.0,0.0
C1CC2C3CC1C2CO3,8.0,1.0,0.0
C=[SH+],1.0,1.0,0.0
C1CC2CNCC1CN2,7.0,2.0,0.0
C1=C[NH2+]CC1,4.0,1.0,0.0
C1N=NCS1,2.0,3.0,0.0
[NH2+]=O,0.0,2.0,0.0
C1=COCC1,4.0,1.0,0.0
C1CC2CC3CCC2C(C1)O3,10.0,1.0,0.0
C1CN2CCC1CN2,6.0,2.0,0.0
C1=CC=CCC=C1,7.0,0.0,0.0
C1CCOCCCCOC1,8.0,2.0,0.0
C1=CC2CCC1CC2,8.0,0.0,0.0
C1CC2CCC1C[NH2+]2,7.0,1.0,0.0
C1CNCC[N-]1,4.0,2.0,0.0
C1=CC2CCC1CN2,7.0,1.0,0.0
[NH3+]F,0.0,1.0,1.0
C1CSN=N1,2.0,3.0,0.0
C[PH3+],1.0,1.0,0.0
C1=[NH+]CC[NH+]=C1,4.0,2.0,0.0
C1=CSCC=[NH+]1,4.0,2.0,0.0
C1=CCCCCCCCCOCC=C1,13.0,1.0,0.0
P=S,0.0,2.0,0.0
C1=CC2C=CC(C1)CC2,9.0,0.0,0.0
C1=NCCN1,3.0,2.0,0.0
C1=[NH+]CCCC1,5.0,1.0,0.0
C1=C[S+]=CS1,3.0,2.0,0.0
[CH2-]C,2.0,0.0,0.0
C1=CNCSC1,4.0,2.0,0.0
C1=COCCCO1,5.0,2.0,0.0
C1NN[NH2+]N1,1.0,4.0,0.0
C1C[NH2+]CCNN1,4.0,3.0,0.0
C1CC2CCC(C1)C2,8.0,0.0,0.0
C1=NCCN=[NH+]1,3.0,3.0,0.0
C1COC[NH2+]1,3.0,2.0,0.0
C1=NCCNN1,3.0,3.0,0.0
C1=CCSCC1,5.0,1.0,0.0
C1CCCCCC1,7.0,0.0,0.0
C1=CN=COC1,4.0,2.0,0.0
C1CCSCC1,5.0,1.0,0.0
C1=CC2CCC1C2,7.0,0.0,0.0
C1C2CN3CC1CN(C2)C3,8.0,2.0,0.0
C1=CSC=C1,4.0,1.0,0.0
C1=C[N-]CC1,4.0,1.0,0.0
C1=CNC[NH+]=C1,4.0,2.0,0.0
C1=CN=NCC1,4.0,2.0,0.0
C1=CSCS1,3.0,2.0,0.0
C1=CN=CCSC1,5.0,2.0,0.0
C1=NC=NNC1,3.0,3.0,0.0
C1=CCSC=C1,5.0,1.0,0.0
C1COCPCO1,4.0,3.0,0.0
C1=CCC=C1,5.0,0.0,0.0
C1NCON1,2.0,3.0,0.0
C1=C[NH]C=N1,3.0,2.0,0.0
C1=NC=[NH+]CC1,4.0,2.0,0.0
C1=N[NH+]=CCC1,4.0,2.0,0.0
C1CC2CCC(C1)[NH2+]2,7.0,1.0,0.0
C1OC2C[NH2+]C1C2,5.0,2.0,0.0
C1=COCCC1,5.0,1.0,0.0
C1COCNN1,3.0,3.0,0.0
C1=CC=NN=C1,4.0,2.0,0.0
C1CNNCCN1,4.0,3.0,0.0
C1=COC[NH2+]1,3.0,2.0,0.0
C1=NC=[O+]C=N1,3.0,3.0,0.0
S=S,0.0,2.0,0.0
C1C[NH2+]CCC[NH2+]C1,6.0,2.0,0.0
C1CCNCSCC1,6.0,2.0,0.0
C1=NNCCN1,3.0,3.0,0.0
C1CCCNCCC1,7.0,1.0,0.0
C1CCNC1,4.0,1.0,0.0
C1=CC2C=CC1C2,7.0,0.0,0.0
C1NCNCN1,3.0,3.0,0.0
C1=CC2CC(NCN2)O1,6.0,3.0,0.0
C1=N[NH]C=[NH+]1,2.0,3.0,0.0
C1CNCCSC1,5.0,2.0,0.0
C1NC2CCOC(C2)N1,6.0,3.0,0.0
C1=NC[NH2+]CC1,4.0,2.0,0.0
C1=CN=CC1,4.0,1.0,0.0
C1=CC2CNCC(C1)C2,8.0,1.0,0.0
C1CC2CCC(C2)O1,7.0,1.0,0.0
C1=CC2C[NH2+]CC(C1)C2,8.0,1.0,0.0
C1CCNCC1,5.0,1.0,0.0
C1=NNCSC1,3.0,3.0,0.0
C1CCC[NH2+]CC1,6.0,1.0,0.0
C1=CNOC1,3.0,2.0,0.0
C1=NCC[O+]=C1,4.0,2.0,0.0
C1=CCNCC=C1,6.0,1.0,0.0
PS,0.0,2.0,0.0
[NH3+][O-],0.0,2.0,0.0
C1COCCOCCOCCOCCO1,10.0,5.0,0.0
C1=CC[NH+]=C1,4.0,1.0,0.0
C1CC2CCC(C[NH2+]1)N2,7.0,2.0,0.0
C1N=NCO1,2.0,3.0,0.0
C1=NCN=C[NH2+]1,3.0,3.0,0.0
C1=CCCN=C1,5.0,1.0,0.0
C1=COCCOCCOCCOCCO1,10.0,5.0,0.0
C1=[NH+]CCCCN1,5.0,2.0,0.0
C1CNCN1,3.0,2.0,0.0
C1CC2CCCC(C1)CC2,10.0,0.0,0.0
C1=[NH+]CCC[NH2+]C1,5.0,2.0,0.0
C1=CN=C[N-]C1,4.0,2.0,0.0
C,1.0,0.0,0.0
C1=NCOC1,3.0,2.0,0.0
C1=C[NH+]=CN=C1,4.0,2.0,0.0
[NH-]O,0.0,2.0,0.0
[NH-]N,0.0,2.0,0.0
C=S,1.0,1.0,0.0
C1CSCNN1,3.0,3.0,0.0
C1NCSS1,2.0,3.0,0.0
C=O,1.0,1.0,0.0
C=N,1.0,1.0,0.0
S,0.0,1.0,0.0
[NH-]S,0.0,2.0,0.0
C1=CSC=NC1,4.0,2.0,0.0
C=C,2.0,0.0,0.0
C1=NN=CCC1,4.0,2.0,0.0
C1=NSCC1,3.0,2.0,0.0
C1CCC2CC(CC1)C2,9.0,0.0,0.0
C1=CC2CC1CN2,6.0,1.0,0.0
C1=NN=C[N-]1,2.0,3.0,0.0
C1CC1,3.0,0.0,0.0
C1=COC=CC1,5.0,1.0,0.0
C1CC2CCC(C[NH2+]1)C2,8.0,1.0,0.0
C1=CC2CCCC1O2,7.0,1.0,0.0
[SH3+],0.0,1.0,0.0
C1C[NH+]2CCC1CC2,7.0,1.0,0.0
C1=CCC[NH+]=C1,5.0,1.0,0.0
C1=NNCCC1,4.0,2.0,0.0
C1CCCC2CCC(CC1)C2,11.0,0.0,0.0
C1=[NH+]CCN=N1,3.0,3.0,0.0
C1CC[NH+]=NC1,4.0,2.0,0.0
C1=NCCCCO1,5.0,2.0,0.0
C1COCCOCCOCCOCCOCCOCCOCCO1,16.0,8.0,0.0
C1C[NH2+]CCOC1,5.0,2.0,0.0
C1CC2OC(CCS2)S1,6.0,3.0,0.0
C1=C[NH2+]CCN=C1,5.0,2.0,0.0
C1=CCCOCC1,6.0,1.0,0.0
C1CNSN1,2.0,3.0,0.0
C1COCCOCCOCCOCCOCC[NH2+]1,12.0,6.0,0.0
C1=COCO1,3.0,2.0,0.0
C1=CN=CCC1,5.0,1.0,0.0
C1=CNSN=C1,3.0,3.0,0.0
C1=NCS1,2.0,2.0,0.0
C1=NCCN=CC1,5.0,2.0,0.0
C1C2CN3CC1C[NH+](C2)C3,8.0,2.0,0.0
C1=NCNCC1,4.0,2.0,0.0
CI,1.0,0.0,1.0
CO,1.0,1.0,0.0
CN,1.0,1.0,0.0
CC,2.0,0.0,0.0
C1=NC=NCN1,3.0,3.0,0.0
C1=NN=N[NH]1,1.0,4.0,0.0
CF,1.0,0.0,1.0
N,0.0,1.0,0.0
C1=NSSC1,2.0,3.0,0.0
CS,1.0,1.0,0.0
C1CCCCCCCC1,9.0,0.0,0.0
CP,1.0,1.0,0.0
C1=CC2CCC(C1)[NH2+]2,7.0,1.0,0.0
C1CS[N-]CN1,3.0,3.0,0.0
C1=NNCCCN1,4.0,3.0,0.0
C1C[NH2+]CCNCC[NH2+]CCNCC[NH2+]CCN1,12.0,6.0,0.0
C1CC2CCC(CN1)[NH2+]2,7.0,2.0,0.0
C1=N[NH+]=CNC1,3.0,3.0,0.0
C1=CSC=CC1,5.0,1.0,0.0
C=[OH+],1.0,1.0,0.0
C1=CNCCNC1,5.0,2.0,0.0
C1CNC[NH2+]C1,4.0,2.0,0.0
C1=CC[NH2+]C1,4.0,1.0,0.0
C1=CCNCC=CCNC1,8.0,2.0,0.0
C1=[NH+]CCCCC1,6.0,1.0,0.0
C1CC2CC[NH+](C1)C2,7.0,1.0,0.0
C1=CNN=CC1,4.0,2.0,0.0
C1CC2CCCC(C1)C2,9.0,0.0,0.0
C1COCC[NH+]2CCOCCOCC[NH+](CCO1)CCOCCOCC2,18.0,8.0,0.0
C1=C[NH+]=NC=N1,3.0,3.0,0.0
C1CCOCCNC1,6.0,2.0,0.0
C1C[NH2+]COC1,4.0,2.0,0.0
C1COPN1,2.0,3.0,0.0
C1C[NH+]2CCC1NC2,6.0,2.0,0.0
C1C2CC3CC1CC(C2)C3,10.0,0.0,0.0
C1CC2CC1C[NH2+]2,6.0,1.0,0.0
C1=NCCCC1,5.0,1.0,0.0
C1CSC[NH2+]1,3.0,2.0,0.0
C1CC2CC1CO2,6.0,1.0,0.0
C1CC2CCC(C1)NN2,7.0,2.0,0.0
C1=CN=CSC1,4.0,2.0,0.0
C1=NN[N-]N1,1.0,4.0,0.0
C1=NCNS1,2.0,3.0,0.0
C1CNCN=N1,3.0,3.0,0.0
C1CCOCC[NH2+]C1,6.0,2.0,0.0
C#N,1.0,1.0,0.0
C1CN[NH2+]N1,2.0,3.0,0.0
C1=CNCC[NH+]=C1,5.0,2.0,0.0
C1=NCN=C1,3.0,2.0,0.0
C#C,2.0,0.0,0.0
C1CNC1,3.0,1.0,0.0
C1=CNSNC1,3.0,3.0,0.0
C1CNCCN1,4.0,2.0,0.0
C1CC2CNCC1O2,6.0,2.0,0.0
C1NCC2CNCC1O2,6.0,3.0,0.0
C1COCCN1,4.0,2.0,0.0
C1CC2CC[NH2+]C(C1)C2,8.0,1.0,0.0
C1CCCCCCCCCCC1,12.0,0.0,0.0
C1=NN=CS1,2.0,3.0,0.0
C1CC2CNC(C1)C2,7.0,1.0,0.0
C1CNCCCOC1,6.0,2.0,0.0
C1=[NH+]CCO1,3.0,2.0,0.0
C1CC2CCC1N2,6.0,1.0,0.0
C1C2CN3CN1C[NH+](C2)C3,7.0,3.0,0.0
C1=[NH+]CCNC1,4.0,2.0,0.0
C1C2CN3CC[NH+](C2)CC1C3,9.0,2.0,0.0
C1CN=NNC1,3.0,3.0,0.0
C1=CC2CCC(C1)NC2,8.0,1.0,0.0
C1=[NH+]CNCC1,4.0,2.0,0.0
C1=CSSC1,3.0,2.0,0.0
C1CSCCS1,4.0,2.0,0.0
C1=CCNC=C1,5.0,1.0,0.0
C1=CC=COC=C1,6.0,1.0,0.0
C1=CSCN1,3.0,2.0,0.0
C1N=C2OC3CC1C2CO3,7.0,3.0,0.0
C1=CNPC=C1,4.0,2.0,0.0
C1=NCCN=C1,4.0,2.0,0.0
C1=CC2=NC(=C1)CSCC1=CC=C(C=C1)CSC2,15.0,3.0,0.0
C1CC2CCOC(C2)N1,7.0,2.0,0.0
C1=CC[O+]=C1,4.0,1.0,0.0
C1CSNS1,2.0,3.0,0.0
C1=NCCSN1,3.0,3.0,0.0
C1=CCN=CC1,5.0,1.0,0.0
C1CCOCNC1,5.0,2.0,0.0
C1CCSC1,4.0,1.0,0.0
C1CSCS1,3.0,2.0,0.0
C1=NCN[N-]1,2.0,3.0,0.0
C1CCCCCCCCC1,10.0,0.0,0.0
C1=COC=N1,3.0,2.0,0.0
C1=CCCNC=C1,6.0,1.0,0.0
C1COSO1,2.0,3.0,0.0
C1=[NH+]C2CCOC(C2)N1,6.0,3.0,0.0
C1=CCNCCC1,6.0,1.0,0.0
C1=CC2CNC(C2)N1,6.0,2.0,0.0
C1=NCNN1,2.0,3.0,0.0
C1=NC=NC=N1,3.0,3.0,0.0
C1=NSCN1,2.0,3.0,0.0
C1C[NH2+]CCSC1,5.0,2.0,0.0
C1=NNCN1,2.0,3.0,0.0
CCl,1.0,0.0,1.0
C1CCNNC1,4.0,2.0,0.0
C1=NC=NCCC1,5.0,2.0,0.0
C1=CSOC1,3.0,2.0,0.0
C1=C[NH2+]C=CC1,5.0,1.0,0.0
OO,0.0,2.0,0.0
C1COC[N-]1,3.0,2.0,0.0
C1C[NH2+]CSC1,4.0,2.0,0.0
C1=CC2C3C=CC1CCC23,10.0,0.0,0.0
C1CC2CNCC1C[NH2+]C2,8.0,2.0,0.0
C1=[NH+]CNS1,2.0,3.0,0.0
[NH2+]=[NH2+],0.0,2.0,0.0
C1CCCCC1,6.0,0.0,0.0
C1CCN[PH2+]NC1,4.0,3.0,0.0
C1=NNCNCC1,4.0,3.0,0.0
C1=NCN=CC1,4.0,2.0,0.0
C1=NCC=[NH+]C1,4.0,2.0,0.0
C1=CSC=[NH+]C1,4.0,2.0,0.0
C1=CCCOC=C1,6.0,1.0,0.0
C1=NCCC=[NH+]1,4.0,2.0,0.0
C1=N[NH]N=N1,1.0,4.0,0.0
O=S,0.0,2.0,0.0
C1=NNC[N-]1,2.0,3.0,0.0
C1=CNCN1,3.0,2.0,0.0
O=P,0.0,2.0,0.0
C1=CCOCC1,5.0,1.0,0.0
C1=NCCS1,3.0,2.0,0.0
OF,0.0,1.0,1.0
C1=NCCCC[NH2+]1,5.0,2.0,0.0
C1C[NH2+]CC[NH2+]1,4.0,2.0,0.0
C1=CN=CCNC1,5.0,2.0,0.0
N[O-],0.0,2.0,0.0
C1C[NH+]2C3CC4CC(C1C3)C2C4,11.0,1.0,0.0
OS,0.0,2.0,0.0
C1=CNCCN1,4.0,2.0,0.0
OP,0.0,2.0,0.0
SCl,0.0,1.0,1.0
C1[NH2+]C2CNC1C2,5.0,2.0,0.0
C1CSNN1,2.0,3.0,0.0
C1=N[N-]N=N1,1.0,4.0,0.0
C1=N[NH+]=CC1,3.0,2.0,0.0
C1=NCNCN1,3.0,3.0,0.0
C1CCN2CC3CC(CN(C1)C3)C2,11.0,2.0,0.0
C1=NCNN=C1,3.0,3.0,0.0
C1=NCN=CO1,3.0,3.0,0.0
C1CNCOC1,4.0,2.0,0.0
C1=[NH+]C[NH+]=C1,3.0,2.0,0.0
C1CN2CC3CN1C[NH+](C3)C2,8.0,3.0,0.0
C1=CCC[NH2+]CCCCC1,9.0,1.0,0.0
C1=CSNC1,3.0,2.0,0.0
C1=CON=C1,3.0,2.0,0.0
C1=CSC=CS1,4.0,2.0,0.0
C1CSCC[NH2+]1,4.0,2.0,0.0
C1=[NH+]NCN1,2.0,3.0,0.0
C1CC2CCC1C[NH2+]C2,8.0,1.0,0.0
C1=CSCC=N1,4.0,2.0,0.0
C1=C[N-]N=C1,3.0,2.0,0.0
C1=[NH+]CCC1,4.0,1.0,0.0
[NH3+]O,0.0,2.0,0.0
C1CC2COC(C1)C2,7.0,1.0,0.0
C1=CNN=C[NH+]=C1,4.0,3.0,0.0
C1=[NH+]CNC1,3.0,2.0,0.0
C1=CSCCC1,5.0,1.0,0.0
C1CNOC1,3.0,2.0,0.0
C1=CN=CC=N1,4.0,2.0,0.0
C1COCSN1,3.0,3.0,0.0
C1=CC2=CC=C1CCC1=CC=C(C=C1)CC2,16.0,0.0,0.0
C1CNCC[NH2+]C1,5.0,2.0,0.0
C1N=[NH+]CO1,2.0,3.0,0.0
C1CNCSC1,4.0,2.0,0.0
C1=C[NH+]=COC1,4.0,2.0,0.0
[PH4+],0.0,1.0,0.0
C1COCCOCCOCCOCCN1,10.0,5.0,0.0
C1CCCSCC1,6.0,1.0,0.0
C1=CCCCOCCCCCCCC1,13.0,1.0,0.0
C1=NOC[N-]1,2.0,3.0,0.0
C1=NCCCNC1,5.0,2.0,0.0
C[OH2+],1.0,1.0,0.0
C1=COCCC[NH2+]C1,6.0,2.0,0.0
C1CC2CCC(C1)N2,7.0,1.0,0.0
C1=C[NH+]=NC1,3.0,2.0,0.0
C1=NNCCP1,3.0,3.0,0.0
C1CC2CCCC(C1)[NH2+]2,8.0,1.0,0.0
C1CSCO1,3.0,2.0,0.0
C1=NCCNCC1,5.0,2.0,0.0
C1=C[NH2+]NC1,3.0,2.0,0.0
C1=CSN=CN1,3.0,3.0,0.0
C1=COCCNC1,5.0,2.0,0.0
C1COCCOCC[NH2+]CCOCCOCCN1,12.0,6.0,0.0
C1NOSN1,1.0,4.0,0.0
C1=CC1,3.0,0.0,0.0
C1CC2CCC1C[NH+]=[NH+]2,7.0,2.0,0.0
C1CC2CNCC1C2,7.0,1.0,0.0
C1=CCCC=C1,6.0,0.0,0.0
C1=NC=[NH+]C=N1,3.0,3.0,0.0
C1=CC2C=CC(CC2)N1,8.0,1.0,0.0
NN,0.0,2.0,0.0
NO,0.0,2.0,0.0
C1=COCCO1,4.0,2.0,0.0
C1=N[NH][NH+]=C1,2.0,3.0,0.0
C1CCC2C3CCC2C(C1)C3,11.0,0.0,0.0
NF,0.0,1.0,1.0
C1CSC[N-]1,3.0,2.0,0.0
C1=COCC[NH2+]C1,5.0,2.0,0.0
C1CCCNCC1,6.0,1.0,0.0
C1=C2COCCCCCCOC(CCNC1)C2,14.0,3.0,0.0
NP,0.0,2.0,0.0
C1CC2CNCC(C2)N1,7.0,2.0,0.0
NS,0.0,2.0,0.0
C1NCNN1,2.0,3.0,0.0
C1NCC2CNCC1C2,7.0,2.0,0.0
[NH3+]S,0.0,2.0,0.0
C1=CC2CCC(C1)C2,8.0,0.0,0.0
C1=N[NH]C=N1,2.0,3.0,0.0
C1=CSCCNC1,5.0,2.0,0.0
C1COSC1,3.0,2.0,0.0
C1=C[NH+]=N[NH]1,2.0,3.0,0.0
[N-]=[NH2+],0.0,2.0,0.0
C1=NSCC[N-]1,3.0,3.0,0.0
C1CCCCCCC1,8.0,0.0,0.0
C1=NCC=[NH+]1,3.0,2.0,0.0
C[S-],1.0,1.0,0.0
C1C[NH2+]CC[NH2+]C1,5.0,2.0,0.0
C1=NCC[N-]1,3.0,2.0,0.0
C1COCO1,3.0,2.0,0.0
C1=NC=[NH+]C1,3.0,2.0,0.0
C1=NOCCN1,3.0,3.0,0.0
C1=CCNNC1,4.0,2.0,0.0
C1=NNCS1,2.0,3.0,0.0
C1COCCOCCOCC[NH2+]1,8.0,4.0,0.0
C1NC[NH2+]CN1,3.0,3.0,0.0
C1=CC2CCC1O2,6.0,1.0,0.0
C1=NCCOCC1,5.0,2.0,0.0
C1CN2CCC1CC2,7.0,1.0,0.0
C1CC2CNCC1C[NH2+]2,7.0,2.0,0.0
C1NN1,1.0,2.0,0.0
C1=[NH+]CCCO1,4.0,2.0,0.0
C[O-],1.0,1.0,0.0
C1=CSC=[NH+]1,3.0,2.0,0.0
C1C[NH2+]1,2.0,1.0,0.0
C1=CC2C3C=CC1SC23,8.0,1.0,0.0
C1=NNCCCO1,4.0,3.0,0.0
C1=C[N-]CN=C1,4.0,2.0,0.0
C1=CCCCCC=C1,8.0,0.0,0.0
C1N=NNN1,1.0,4.0,0.0
C1=NNSCC1,3.0,3.0,0.0
C1=C[N-]CCC1,5.0,1.0,0.0
P[S-],0.0,2.0,0.0
C1=NCCOC1,4.0,2.0,0.0
C1CC2CCNC(C1)C2,8.0,1.0,0.0
C1=NCC=NN1,3.0,3.0,0.0
C1CN2CCN1CC2,6.0,2.0,0.0
C1NNCO1,2.0,3.0,0.0
C1=CNCN=CC1,5.0,2.0,0.0
C1NCSC[NH2+]1,3.0,3.0,0.0
C1NNCNN1,2.0,4.0,0.0
C1COPO1,2.0,3.0,0.0
C1NCOCN1,3.0,3.0,0.0
C1CC2CC[NH+]3CCC1CC23,10.0,1.0,0.0
C1=CNC[NH2+]C1,4.0,2.0,0.0
C1CO1,2.0,1.0,0.0
C1NCN1,2.0,2.0,0.0
C1=[NH+]NCC1,3.0,2.0,0.0
C1CNPC1,3.0,2.0,0.0
C1CCSC[NH2+]C1,5.0,2.0,0.0
C1=CC2CC(O1)C1OCC2O1,8.0,3.0,0.0
C1=C[NH+]2CCC1CC2,7.0,1.0,0.0
